Target_code;Target_content
TA1.9; The contribution of the sectors covered by the EU ETS with respect to the EU Climate ambition should be of -62 % compared to 2005 (increasing the linear emissions reduction factor from 2.2 % per year up to 4.4 %)
TA1.12; Achieve an EU net greenhouse gas removal of 310 million tonnes CO2 equivalent per year for the land use, land use change and forestry (LULUCF) sector
TA2.6; Energy demand to be covered by solar heat and geothermal should at least triple (currently rate at 1,5%)
TA2.27; Indicative national targets aiming to achieve the deep renovation of at least 35 million building units by 2030 to support reaching an annual energy renovation rate of 3 % or more for the period till 2050 (see latest test adopted by EP on 14.03.2023)
TA3.4; By 2030 textile products placed on the EU market are long-lived and recyclable, to a great extent made of recycled fibres, free of hazardous substances and produced in respect of social rights and the environment
TA3.33; Recycling of wood in packaging,30%
TA4.16; From 1 January 2020, this Regulation sets an EU fleet-wide target of 95 g CO2/km for the average emissions of new passenger cars and an EU fleet-wide target of 147 g CO2/km for the average emissions of new light commercial vehicles registered in the Union, as measured until 31 December 2020 in accordance with Regulation (EC) No 692/2008 together with Implementing Regulations (EU) 2017/1152 and (EU) 2017/1153, and from 1 January 2021 measured in accordance with Regulation (EU) 2017/1151.
TA4.28; by 31 December 2030, in each safe and secure parking area at least four publicly accessible recharging stations dedicated to heavy-duty electric vehicles with an individual power output of at least 100 kW are deployed
TA5.26; Strengthen educational messages on the importance of healthy nutrition, sustainable food production and consumption, and reducing food waste. 
TA5.35; Strengthen the resilience of the EU food system. Build up resilience to possible future diseases and pandemics.  Increasing the sustainability of food producers will ultimately increase their resilience.   
TA6.29;
TA7.12; Develop measures to significantly increase efforts to identify, investigate, assess and remediate contaminated sites, so that soil pollution will no longer pose a health or environmental risk (target in common with the Biodiversity Strategy)